<?xml version="1.0" encoding="UTF-8"?>
<project-private xmlns="http://www.netbeans.org/ns/project-private/1">
    <editor-bookmarks xmlns="http://www.netbeans.org/ns/editor-bookmarks/2" lastBookmarkId="0"/>
    <open-files xmlns="http://www.netbeans.org/ns/projectui-open-files/2">
        <group>
            <file>file:/C:/Users/Acer%20Gk/Documents/COLLEGE%20THINGY/SEMESTER%204/Praktikum%20PBO/Projek-Akhir-PBO-A10-main/src/agentvalorant/koneksi.java</file>
            <file>file:/C:/Users/Acer%20Gk/Documents/COLLEGE%20THINGY/SEMESTER%204/Praktikum%20PBO/Projek-Akhir-PBO-A10-main/src/agentvalorant/AddAgent.java</file>
            <file>file:/C:/Users/Acer%20Gk/Documents/COLLEGE%20THINGY/SEMESTER%204/Praktikum%20PBO/Projek-Akhir-PBO-A10-main/src/agentvalorant/Interface/AdminInterface.java</file>
            <file>file:/C:/Users/Acer%20Gk/Documents/COLLEGE%20THINGY/SEMESTER%204/Praktikum%20PBO/Projek-Akhir-PBO-A10-main/src/agentvalorant/data/Admin.java</file>
            <file>file:/C:/Users/Acer%20Gk/Documents/COLLEGE%20THINGY/SEMESTER%204/Praktikum%20PBO/Projek-Akhir-PBO-A10-main/src/agentvalorant/InterfaceLogin.java</file>
            <file>file:/C:/Users/Acer%20Gk/Documents/COLLEGE%20THINGY/SEMESTER%204/Praktikum%20PBO/Projek-Akhir-PBO-A10-main/src/agentvalorant/data/Purchase.java</file>
            <file>file:/C:/Users/Acer%20Gk/Documents/COLLEGE%20THINGY/SEMESTER%204/Praktikum%20PBO/Projek-Akhir-PBO-A10-main/src/agentvalorant/data/Agent.java</file>
            <file>file:/C:/Users/Acer%20Gk/Documents/COLLEGE%20THINGY/SEMESTER%204/Praktikum%20PBO/Projek-Akhir-PBO-A10-main/src/agentvalorant/data/Akun.java</file>
            <file>file:/C:/Users/Acer%20Gk/Documents/COLLEGE%20THINGY/SEMESTER%204/Praktikum%20PBO/Projek-Akhir-PBO-A10-main/src/agentvalorant/InterfaceMenuUser.java</file>
            <file>file:/C:/Users/Acer%20Gk/Documents/COLLEGE%20THINGY/SEMESTER%204/Praktikum%20PBO/Projek-Akhir-PBO-A10-main/src/agentvalorant/EditAgent.java</file>
            <file>file:/C:/Users/Acer%20Gk/Documents/COLLEGE%20THINGY/SEMESTER%204/Praktikum%20PBO/Projek-Akhir-PBO-A10-main/src/agentvalorant/InterfaceMenu.java</file>
            <file>file:/C:/Users/Acer%20Gk/Documents/COLLEGE%20THINGY/SEMESTER%204/Praktikum%20PBO/Projek-Akhir-PBO-A10-main/src/agentvalorant/InterfaceRegister.java</file>
            <file>file:/C:/Users/Acer%20Gk/Documents/COLLEGE%20THINGY/SEMESTER%204/Praktikum%20PBO/Projek-Akhir-PBO-A10-main/src/agentvalorant/AgentValorant.java</file>
            <file>file:/C:/Users/Acer%20Gk/Documents/COLLEGE%20THINGY/SEMESTER%204/Praktikum%20PBO/Projek-Akhir-PBO-A10-main/src/agentvalorant/data/User.java</file>
        </group>
    </open-files>
</project-private>
